Metric,Card Name,"Feb 10 2025, 12:00AM - Feb 5 2026, 11:42AM"
Total Events of Sent,1005_Birthday Cake AliRae Aguirre,86
Total Events of Sent,1007_Happy Birthday AliRae Aguirre Floral,1314
Total Events of Sent,1009_Happy Whatever and Stuff AliRae Aguirre,43
Total Events of Sent,1015_Another Year In The Books Forage Paper Co.,108
Total Events of Sent,1020_Happy Birthday Handsome Forage Paper Co.,166
Total Events of Sent,1029_Better Late Than Never Amy Zhang,476
Total Events of Sent,1033_You're A Classic Amy Zhang,726
Total Events of Sent,1035_Enjoy Kevin Adams,52
Total Events of Sent,1044_Best Grandpa Jasmina Zornic,119
Total Events of Sent,1045_Best Grandma Jasmina Zornic,59
Total Events of Sent,1060_Another Trip Around The Sun Adelfi,1414
Total Events of Sent,106_Happy birthday Best Tea jaclyn Caris,328
Total Events of Sent,1071_Party Jacqueline Colley Confetti Popper,198
Total Events of Sent,1075_Happy Birthday To A Real Playa Spaghetti & Meatballs Record Player,320
Total Events of Sent,"1080_Hey Mom, I'm Annoying But I Love You Giulia Hartz Cake",257
Total Events of Sent,1088_Happy Birthday You Lovely Soul Lauren Marina Sun,989
Total Events of Sent,1100_Hope Your Birthday Is Jam-Packed With Love Amy Zhang Bread and Jam,1206
Total Events of Sent,1108_Happy Birthday 21! paper&stuff,28
Total Events of Sent,1112_It Is Your Birthday paper&stuff,465
Total Events of Sent,1114_Birth Yay! paper&co,1370
Total Events of Sent,1121_Happy Birthday 30! paper&stuff,28
Total Events of Sent,1150_Let's Party Adelfi,52
Total Events of Sent,1158_Happy Birthday Oscar De La Cruz Blocks,300
Total Events of Sent,1160_Happy Birthday Priyanka Darlin' Spotted,2167
Total Events of Sent,1163_Surpriiise Priyanka Darlin',7
Total Events of Sent,1166_HBD Mat Voyce Animation,305
Total Events of Sent,1172_Have The Sweetest Birthday Ashley Le Quere,806
Total Events of Sent,1175_Happy Birth Month paper&stuff,28
Total Events of Sent,1180_Let's Boogie AnalogbyNat,36
Total Events of Sent,1191_Bday Candles Milk Bar Animation,1282
Total Events of Sent,1198_Cheers To The Golden Years Amy Zhang,433
Total Events of Sent,119_Stellar Birthday Ash & Chess,165
Total Events of Sent,1214_Ice Cream Melissa Blair Animation,760
Total Events of Sent,1227_Another Year Another Journey Happy BirthdayKaren Schipper Land Rover,698
Total Events of Sent,1228_Have A Smashing Birthday Karen Schipper Tennis,58
Total Events of Sent,124_You Are Amazing and I Love You Hue Complete Me,460
Total Events of Sent,1252_Have A Cracking Day! Matt Joyce,135
Total Events of Sent,1255_This Calls For Champagne (Papi) Brittany Paige Drake,85
Total Events of Sent,1258_Happy Birthday Grow Mija Pink Cake,236
Total Events of Sent,125_You're The Coolest Hue Complete Me,33
Total Events of Sent,1269_Have A Delightful Birthday Ash & Chess Cakes,222
Total Events of Sent,1271_I Forgot It Was Ur Bday Poketo Cake,11
Total Events of Sent,1272_Happy Birthday Melanie Johnsson Cupcake,679
Total Events of Sent,1277_Save The Date Melanie Johnsson,1
Total Events of Sent,1316_Happy Birthday Again Katie Benn Cake,79
Total Events of Sent,1317_Cake Katie Benn Rainbow Cake,8
Total Events of Sent,1318_Musical Notes Katie Benn,41
Total Events of Sent,1336_Happy Bday paper&stuff Dots,128
Total Events of Sent,1342_Happy Birthday Moses Kruschat,1422
Total Events of Sent,1353_Happy Birthday Karen Schipper Trolley,341
Total Events of Sent,1368_Let's Party Hemlock House Studio,76
Total Events of Sent,1369_Let Us Eat Cake Hemlock House Studio Cakes,1238
Total Events of Sent,1370_Magic Birthday Wishes Hemlock House Studio,700
Total Events of Sent,1373_Wishing You Health & Happiness Hemlock House Studio,23
Total Events of Sent,1380_Birthday Dogs Faye Gunipa,225
Total Events of Sent,1381_Happy Birthday Fancy Pants Faye Guanipa,397
Total Events of Sent,1383_Birthday Wishes Faye Guanipa Floral,1037
Total Events of Sent,1387_40 Faye Guanipa,16
Total Events of Sent,1389_50 Faye Guanipa,17
Total Events of Sent,1391_Have A Sssssensational Birthday Faye Guanipa Snakes,42
Total Events of Sent,1392_Hope your Birthday Is Trés Chic Faye Guanipa Poodle,78
Total Events of Sent,1394_Cake Poketo,158
Total Events of Sent,1399_Happy Birthday Lily Prior Chinese,15
Total Events of Sent,1400_Happy Birthday Lily Prior Rainbow,123
Total Events of Sent,1401_Happy Birthday Lily Prior Tiger,116
Total Events of Sent,1407_Happy Birthday Clay Hickson Cake,182
Total Events of Sent,1408_It's Time To Celebrate Clay Hickson,127
Total Events of Sent,1414_I Ate Too Much I Wish You The Same Happiness Angelope Design,154
Total Events of Sent,1429_Yolo Angelope Design,78
Total Events of Sent,142_Candles Taylor Stimbert,89
Total Events of Sent,1438_Love You Date Night Tonight? Melanie Johnsson,29
Total Events of Sent,1439_For You Melanie Johnsson Flowers,421
Total Events of Sent,145_Its your birthday Taylor Stimbert,524
Total Events of Sent,1460_Happy Birthday Toyukulele,52
Total Events of Sent,1475_Aquarius Ashley Le Quere,10
Total Events of Sent,1476_Aries Ashley Le Quere,56
Total Events of Sent,1477_Cancer Ashley Le Quere,58
Total Events of Sent,1478_Capricorn Ashley Le Quere,8
Total Events of Sent,1479_Gemini Ashley Le Quere,45
Total Events of Sent,1480_Libra Ashley Le Quere,7
Total Events of Sent,1481_Leo Ashley Le Quere,37
Total Events of Sent,1484_Scorpio Ashley Le Quere,12
Total Events of Sent,1489_Happy Birthday naomi Anderson-Subryan,95
Total Events of Sent,1490_Happy Birthday Woof Naomi Anderson-Subryan,45
Total Events of Sent,1491_Naomi Anderson-Subryan Cakes,94
Total Events of Sent,1500_Happy birthday To My Wonderful Daughter Melanie johnsson,36
Total Events of Sent,1501_Happy Birthday Son Melanie Johnsson,29
Total Events of Sent,1502_Happy birthday to my awesome son melanie johnsson,44
Total Events of Sent,1503_Surprise Melanie Johnsson,17
Total Events of Sent,1504_Happy Birthday to my awesome daughter melanie johnsson,18
Total Events of Sent,1520_Time For Cake Sakina Saidi,189
Total Events of Sent,1543_Happy Bday Dawg Antonay Studio,1394
Total Events of Sent,1544_Time For Bday Cake Antonay Studio,172
Total Events of Sent,1549_Birthday Wishes Jacqueline Colley,258
Total Events of Sent,1550_Have A Dynamite Day Jacqueline Colley,13
Total Events of Sent,1577_Better with Age Happy Birthday Karen Schipper,564
Total Events of Sent,1589_Pattern Lydia Burton Cake Slice,73
Total Events of Sent,1592_Happy Birthday Lydia Burton,568
Total Events of Sent,1608_Happy Birthday Mimi Moffie,85
Total Events of Sent,1621_Older Bud Wiser Rumble Cards Happy Birthday,1400
Total Events of Sent,1629_Party Animals Rumble Cards x Ashley Le Quere,173
Total Events of Sent,1630_Born in the 90's Rumble Cards x Ashley Le Quere,113
Total Events of Sent,1631_Born in the 80's Rumble Cards x Ashley Le Quere,49
Total Events of Sent,1632_Born in the 70's Rumble Cards x Ashley Le Quere,21
Total Events of Sent,1633_Born in the 60's Rumble Cards x Ashley Le Quere,23
Total Events of Sent,1634_Lost Count Rumble Cards x Ashley Le Quere,167
Total Events of Sent,1643_Happy Bday Priyanka Darlin,793
Total Events of Sent,1651_Happy Bday Sorry Its Late Lazy Disco,48
Total Events of Sent,1655_Let's Party lazy Disco,348
Total Events of Sent,1667_Happy Birthday Dicky Bird Spray Paint,1085
Total Events of Sent,1668_Happy Birthday Dicky Bird Gaming,979
Total Events of Sent,1672_Party Animal Adelfi,174
Total Events of Sent,1685_Birthday Beers Matt Joyce,816
Total Events of Sent,1689_To Another Year of Adventures Matt Joyce,317
Total Events of Sent,1691_Alter Kaker Everyday Yiddish,5
Total Events of Sent,1698_Aviva Atri Birthday Cake,2232
Total Events of Sent,1702_Aviva Atri Balloons and Confetti,508
Total Events of Sent,1706_Feliz Quince Grow Mija,28
Total Events of Sent,1707_Happy Quinceanera Grow Mija,40
Total Events of Sent,170_Here's a Cake Ashley Le Quere,254
Total Events of Sent,171_It's Your Day Ashley Le Quere,215
Total Events of Sent,1724_Have a little Treat Jillian Goeller,397
Total Events of Sent,1728_You Deserve A Treat Jillian Goeler,1571
Total Events of Sent,1747_Happy Ducking Birthday Brittany Paige,748
Total Events of Sent,1748_Happy 29th Birthday Again Brittany Paige,303
Total Events of Sent,174_Let's Get Eggcited,11
Total Events of Sent,1808_Happy Birthday Paper&Stuff Gradient,1684
Total Events of Sent,1809_Have the Best Birthday Ever Paper&Stuff,5260
Total Events of Sent,1822_Let The Good Times Roll Amy Zhang,36
Total Events of Sent,1842_Have A Pawesome Birthday Jacqueline Colley,88
Total Events of Sent,1843_Have A Purrrrfect Day Jacqueline Colley,62
Total Events of Sent,1845_You Are The Best Vintage Jacqueline Colley,450
Total Events of Sent,1847_Happy Birthday To You Jacqueline Colley,234
Total Events of Sent,1849_Happy Birthday Jacqueline Colley Cake Slice,701
Total Events of Sent,1857_Happy Belated Birthday Melanie Johnsson,917
Total Events of Sent,1861_Sorry Im Late To Say Happy Birthday Melanie johnsson,65
Total Events of Sent,1871_Hope Your Birthday is A Blast Karen Schipper,217
Total Events of Sent,1872_Make A Wish Karen Schipper,3213
Total Events of Sent,1875_Happy Birthday Cake Karen Schipper,754
Total Events of Sent,1894_Happy Birthday Dicky Bird Burger,230
Total Events of Sent,1895_Happy Birthday Dicky Bird Cake,232
Total Events of Sent,1896_Happy Bearthday Dicky Bird,306
Total Events of Sent,1905_Wishing You A Stellar Birthday Folio,20
Total Events of Sent,1908_Lets Grab A Beer Folio,91
Total Events of Sent,1909_Let's Eat Cake Folio,167
Total Events of Sent,1910_Have A Blast Folio,24
Total Events of Sent,192_Hey You HBD Poketo,1904
Total Events of Sent,1936_May Baby Kerrie McNeill,59
Total Events of Sent,1937_November Baby Kerrie McNeill,17
Total Events of Sent,1938_October Baby Kerrie McNeill,22
Total Events of Sent,1942_September Baby Kerrie McNeill,18
Total Events of Sent,1945_January Baby Kerrie McNeill,26
Total Events of Sent,1946_July Baby Kerrie McNeill,191
Total Events of Sent,1948_June Baby Kerrie McNeill,47
Total Events of Sent,1949_March Baby Kerrie McNeill,88
Total Events of Sent,1951_April Baby Kerrie McNeill,143
Total Events of Sent,1952_August Baby Kerrie McNeill,224
Total Events of Sent,1953_December Baby Kerrie McNeill,4
Total Events of Sent,1954_February Baby Kerrie McNeill,54
Total Events of Sent,1962_Disco Ball Nysha Lilly,98
Total Events of Sent,1968_Let The Good Times Roll Queenbe Monyei,34
Total Events of Sent,1985_Cheers To You Babe Jaclyn Caris,188
Total Events of Sent,1992_Club Couch Spaghetti & Meatballs,65
Total Events of Sent,1996_Hope your Birthday is Sprinkled With Joy Spaghetti & Meatballs,3412
Total Events of Sent,1997_Yay Happy Birthday Spaghetti & Meatballs,5892
Total Events of Sent,1999_HBD Spaghetti & Meatballs,387
Total Events of Sent,2007_Happy Birthday Katie Benn Cars,480
Total Events of Sent,2015_Happy Birthday To My Bestie Paper&Stuff,189
Total Events of Sent,2016_Birthday Cake lines Paper&Stuff,336
Total Events of Sent,2017_Happy Half Birthday Paper&Stuff,4
Total Events of Sent,2032_Happy Birthday Priyanka Darlin Black Floral,76
Total Events of Sent,2033_Happy Birthday Priyanka Darlin Green Floral,134
Total Events of Sent,2042_Lets Celebrate Bring All The Cakes Sakina Saidi,12
Total Events of Sent,2054_Another Trip Around The Sun Matt Joyce,670
Total Events of Sent,2075_Its Your Birthday Sip Back and Relax Amy Zhang,1806
Total Events of Sent,207_Hi Hop Ashley Le Quere,12
Total Events of Sent,2083_Sorry I Focaccia Birthday Amy Zhang,23
Total Events of Sent,2084_Youre Aging To Perfection Amy Zhang,54
Total Events of Sent,2099_Happy Birthday Meinhass Archives,1412
Total Events of Sent,2104_Birthday Girl Dinner Brittany Paige,134
Total Events of Sent,2118_Happy Birthday Dicky Bird,1647
Total Events of Sent,2133_Better Late Than Really Really Late Giulia Hartz,86
Total Events of Sent,2144_Happy Birthday You Party Animal Amy Zhnag,784
Total Events of Sent,2174_Have a very demure very mindful birthday Kat,25
Total Events of Sent,2222_Happy Birthday Dad Ashley Le Quere,21
Total Events of Sent,2223_I See Cake In Your Future Ashley Le Quere,296
Total Events of Sent,2224_Have a Fun Filled Birthday Ashley Le Quere,407
Total Events of Sent,2225_30 Ashley Le Quere,44
Total Events of Sent,2226_21 Ashley Le Quere,36
Total Events of Sent,2229_Sister Ashley Le Quere,98
Total Events of Sent,2230_Brother Ashley Le Quere,18
Total Events of Sent,2241_Happy 100 Days,3
Total Events of Sent,2265_Your Birthday> Tiktoks Comeback Kat Rodman,192
Total Events of Sent,2266_Have An Elephantastic Birthday Matt Jouyce,29
Total Events of Sent,2267_Youre The Cats Pyjamas Matt Joyce,11
Total Events of Sent,2270_Time to Party by Triangulos by Melanie Johnsson,270
Total Events of Sent,2279_Happy Birthday from All of Us Lauren Heydt,904
Total Events of Sent,2297_Happy Belated Birthday Aviva Atri,1195
Total Events of Sent,2328_Best Birthday Gal Melanie Johnsson,106
Total Events of Sent,2330_Birthday Cutie - Melanie Johnsson,115
Total Events of Sent,2331_Happy Birthday!!! - Melanie Johnsson,129
Total Events of Sent,2332_Birthday Wishes Melanie Johnsson,3979
Total Events of Sent,2333_Green Cupcake Melanie Johnsson,369
Total Events of Sent,2334_Happy Bday Doggy Melanie Johnsson,1664
Total Events of Sent,2336_Happy B-day Balloon Melanie Johnsson,1058
Total Events of Sent,2337_Happy Bday Confetti Melanie Johnsson,150
Total Events of Sent,2339_An Amazing Bday Melanie Johnsson,79
Total Events of Sent,2340_Hooray Birthday Melanie Johnsson,33
Total Events of Sent,2341_Just For You Melanie Johnsson,102
Total Events of Sent,2342_Blue Bday Cake Melanie Johnsson,12
Total Events of Sent,2343_Magical Bday Cutie Melanie Johnsson,36
Total Events of Sent,2344_Party Train Melanie Johnsson,26
Total Events of Sent,2345_Paw-ty Time Melanie Johnsson,73
Total Events of Sent,2346_Smiley Cupcake Melanie Johnsson,260
Total Events of Sent,2349_Treat Yourself Melanie Johnsson,262
Total Events of Sent,2350_For My Fav Showgirl - Lauren Heydt,60
Total Events of Sent,2351_The Life of a Showgirl Checklist - Lauren Heydt,3
Total Events of Sent,2419_Treat On Me Pink - Green Paper Co.,113
Total Events of Sent,2420_Treat On Me Green - Green Paper Co.,13
Total Events of Sent,2421_Here's a Lil Treat - Green Paper Co.,111
Total Events of Sent,2422_A lil something for you - Green Paper Co.,182
Total Events of Sent,2426_I Love You In All Your Forms - Green Paper Co.,5
Total Events of Sent,2428_,5
Total Events of Sent,2428_Still Waiting for ChatGPT to Explain how you put up with me this long - Melanie Johnsson,21
Total Events of Sent,2430_Forever Together Penguin - Melanie Johnsson,12
Total Events of Sent,2431_I love you ssssoooo much,17
Total Events of Sent,2432_Talk Russian to Me - Green Paper Co.,4
Total Events of Sent,2433_Ya Lyublyu Tebya I Love You In Russian - Green Paper Co.,2
Total Events of Sent,2434_You're the Shane to my Ilya - Green Paper Co.,2
Total Events of Sent,2435_Can we please watch Heated Rivalry - Green Paper Co.,18
Total Events of Sent,2436_Help I'm Still at the Cottage,13
Total Events of Sent,2439_I Love You So Much - In Good Company,84
Total Events of Sent,2440_Thanks for Always Matching My Freak - In Good Company,100
Total Events of Sent,2441_may olive your birthday wishes come true sydney sebastian,48
Total Events of Sent,2442_I Love to See You Smile,44
Total Events of Sent,2444_You Love Well - Lauren Heydt,8
Total Events of Sent,2445_Just Thought You Should Know That You Smell Really Good,4
Total Events of Sent,2446_I Could Talk to You For Hours and Hours - Lauren Heydt,18
Total Events of Sent,2449_Puppy Love - Spaghetti & Meatballs,1
Total Events of Sent,2451_I Love You Boo Boo,5
Total Events of Sent,2453_Be My Valentine - In Good Company,9
Total Events of Sent,2457_You Have My Heart - In Good Company,1
Total Events of Sent,257_Confetti Pantone,53
Total Events of Sent,260_Fiesta Pantone,2
Total Events of Sent,269_Rose Bouquet Pantone,13
Total Events of Sent,286_Happy Birthday Adelfi,576
Total Events of Sent,28_Let's Get Lit minna so,83
Total Events of Sent,293_Alexa Skip My Birthday Spaghetti & Meatballs,45
Total Events of Sent,294_Happy Birthday Bad Ass Spaghetti & Meatballs,235
Total Events of Sent,295_Big Bday Energy Spaghetti & Meatballs,53
Total Events of Sent,299_Happy Birthday Abstract Spaghetti & Meatballs,184
Total Events of Sent,29_Lets Party Minna So,515
Total Events of Sent,300_Happy Birthday to YOU Spaghetti & Meatballs,78
Total Events of Sent,312_AInt no birthday laws Spaghetti & Meatballs,185
Total Events of Sent,328_Happy Birthday brook gossen  Red and Yellow Abstract,339
Total Events of Sent,33_kisses mj,48
Total Events of Sent,358_Its all about you today Grow Mija,36
Total Events of Sent,35_ohlala Melanie Johnsson,34
Total Events of Sent,368_Celebrate nb + crew,67
Total Events of Sent,369_Happy Birthday Isabella Humphrey Dogs,437
Total Events of Sent,370_Fantabulous bday Isabella Humphrey,34
Total Events of Sent,373_Have the sweetest birthhday Isabella Humphrey,497
Total Events of Sent,378_happy birthday plays softly in the distance Julia Walck,118
Total Events of Sent,379_Let them eat cake Julia Walck,404
Total Events of Sent,380_A virtual bouquet Julia Walck,125
Total Events of Sent,408_Yay all day khali amanda,162
Total Events of Sent,40_make a wish zoe wodarz,72
Total Events of Sent,41_youre a gem Zoe Wodarz,45
Total Events of Sent,421_Good clean fun Ashley Le Quere,26
Total Events of Sent,422_Happy Birthday Ashley Le Quere slice,710
Total Events of Sent,424_Let's Party Ashley Le Quere Hat,174
Total Events of Sent,469_Aquarius Faye Guanipa,252
Total Events of Sent,470_Virgo Faye Guanipa,238
Total Events of Sent,471_Taurus Faye Guanipa,425
Total Events of Sent,472_Scorpio Faye Guanipa,14
Total Events of Sent,473_sagittarius Faye Guanipa,21
Total Events of Sent,474_Pisces Faye Guanipa,643
Total Events of Sent,475_Libra Faye Guanipa,11
Total Events of Sent,476_Leo Faye Guanipa,84
Total Events of Sent,477_Gemini Faye Guanipa,230
Total Events of Sent,478_Capricorn faye guanipa,15
Total Events of Sent,479_Cancer Faye Guanipa,215
Total Events of Sent,480_Aries Faye Guanipa,183
Total Events of Sent,50_his and hers jaclyn Caris,8
Total Events of Sent,512_Let's Paw-ty Oscar Tapeswing,442
Total Events of Sent,514_Birthday Dude Oscar tapeswing,575
Total Events of Sent,516_Happy Birthday Oscar Tapeswing,608
Total Events of Sent,537_We're So Drunk Eating Tonight Brittany Paige,24
Total Events of Sent,540_Tequila Party Brittany Paige,515
Total Events of Sent,541_Wine Party Brittany Paige,325
Total Events of Sent,54_Make a Wish Nickel & Penny,884
Total Events of Sent,552_Let's Fiesta Opal Thirteen,120
Total Events of Sent,568_Let's Party Ashley Le Quere Retro,2
Total Events of Sent,600_Too Late For Botox Giulia Hartz,11
Total Events of Sent,602_Ancient History Giulia Hartz,179
Total Events of Sent,63_mazel mazel mazel Melanie Johnsson,26
Total Events of Sent,652_Happy Birthday jordan gadeke Balloon,1990
Total Events of Sent,665_Belated Bday Fion Koh,198
Total Events of Sent,671_Gift Surprise olga ambrosova,163
Total Events of Sent,694_Happy Birthday Ya Weirdo Alissandra Seelaus,1
Total Events of Sent,700_Have A Wonderfully Deliciously Perfectly Sweet Birthday Alissandra Seelaus,2
Total Events of Sent,705_Celebrate Jasmina zornic,429
Total Events of Sent,722_Happy Bday Analogbynat,1067
Total Events of Sent,773_Happy birthday To You Amy Zhang,421
Total Events of Sent,777_Feeling Generous Leena Kisonen,1
Total Events of Sent,778_Hoo-ray Leena Kisonen,33
Total Events of Sent,791_Birthday Dude Matt Matt Joyce,90
Total Events of Sent,800_Con Mucho Mucho Amor Grow Mija,51
Total Events of Sent,801_Feliz Cumpleaños Grow Mija,405
Total Events of Sent,802_Happy Birthday Mija grow mija,49
Total Events of Sent,812_This Calls For Confetti Shannon Snow,373
Total Events of Sent,829_Here's A Little Something poketo,21
Total Events of Sent,831_I Melt For You Poketo,73
Total Events of Sent,870_Belated Bday Jasmina zornic,209
Total Events of Sent,877_Shake Shake Shake It's Your Birthday melanie johnsson,198
Total Events of Sent,899_Happy Bee-Day Oscar Tapeswing,134
Total Events of Sent,900_Happy Birthday Candles Oscar Tapeswing,1410
Total Events of Sent,902_Aquarius Jacqueline Colley,3
Total Events of Sent,903_Aries Jacqueline Colley,9
Total Events of Sent,904_Cancer Jacqueline Colley,13
Total Events of Sent,905_Capricorn Jacqueline Colley,2
Total Events of Sent,906_Jacqueline Colley Gemini,35
Total Events of Sent,910_Leo Jacqueline Colley,19
Total Events of Sent,911_Libra Jacqueline Colley,8
Total Events of Sent,912_Pisces Jacqueline Colley,18
Total Events of Sent,913_Sagittarius Jacqueline Colley,1
Total Events of Sent,914_Scorpio Jacqueline Colley,9
Total Events of Sent,915_Taurus Jacqueline Colley,18
Total Events of Sent,916_Virgo Jacqueline Colley,5
Total Events of Sent,917_Balloon Dogs Dicky Bird,161
Total Events of Sent,919_Burger Dicky Bird,98
Total Events of Sent,91_Cheers To Good Times Zoe Wodarz,86
Total Events of Sent,920_Let's Eat Cake Dicky Bird,12
Total Events of Sent,921_Hand And Gift Dicky Bird,34
Total Events of Sent,922_Happy Birthday Dicky Bird Languages,73
Total Events of Sent,925_Have A Smashing Birthday Dicky Bird,77
Total Events of Sent,930_Wild Birthday Ash & Chess,75
Total Events of Sent,93_Biggie Birthday Spaghetti & Meatballs,405
Total Events of Sent,94_Cake Cake Cake Spaghetti & Meatballs,65
Total Events of Sent,950_Happy Birthday Andrew Hudson,31
Total Events of Sent,952_Happy Birthday Brook Gossen dancing,4
Total Events of Sent,967_Whiskey Birthday Brittany Paige,104
Total Events of Sent,981_Happy Birthday Yolanda Poh,716
Total Events of Sent,98_Happy Birthslay Spaghetti & Meatballs,121
Total Events of Sent,99_La Crunk Spaghetti & Meatballs,81
