Metric,Card Name,"Jan 12 2025, 12:00AM - Jan 7 2026, 8:39AM","Jan 19 2025, 12:00AM - Jan 14 2026, 8:39AM"
Total Events of Sent,1809_Have the Best Birthday Ever Paper&Stuff,6373,6186
Total Events of Sent,1997_Yay Happy Birthday Spaghetti & Meatballs,5690,5723
Total Events of Sent,1996_Hope your Birthday is Sprinkled With Joy Spaghetti & Meatballs,4314,4029
Total Events of Sent,1872_Make A Wish Karen Schipper,3694,3600
Total Events of Sent,2332_Birthday Wishes Melanie Johnsson,3133,3300
Total Events of Sent,1160_Happy Birthday Priyanka Darlin' Spotted,2611,2505
Total Events of Sent,1698_Aviva Atri Birthday Cake,2405,2377
Total Events of Sent,1565_happy mothers Day Karen Schipper,2026,2026
Total Events of Sent,192_Hey You HBD Poketo,1958,1945
Total Events of Sent,1808_Happy Birthday Paper&Stuff Gradient,1910,1847
Total Events of Sent,652_Happy Birthday jordan gadeke Balloon,1855,1865
Total Events of Sent,1342_Happy Birthday Moses Kruschat,1721,1654
Total Events of Sent,1728_You Deserve A Treat Jillian Goeler,1680,1647
Total Events of Sent,900_Happy Birthday Candles Oscar Tapeswing,1644,1593
Total Events of Sent,2075_Its Your Birthday Sip Back and Relax Amy Zhang,1599,1655
Total Events of Sent,2334_Happy Bday Doggy Melanie Johnsson,1578,1619
Total Events of Sent,2118_Happy Birthday Dicky Bird,1575,1602
Total Events of Sent,1161_Thank You Priyanka Darlin' Spotted,1561,1540
Total Events of Sent,2392_Merry Christmas Jumble - Green Paper Co.,1497,1499
Total Events of Sent,1114_Birth Yay! paper&co,1468,1445
Total Events of Sent,1543_Happy Bday Dawg Antonay Studio,1449,1436
Total Events of Sent,1621_Older Bud Wiser Rumble Cards Happy Birthday,1419,1418
Total Events of Sent,1007_Happy Birthday AliRae Aguirre Floral,1373,1368
Total Events of Sent,2099_Happy Birthday Meinhass Archives,1356,1380
Total Events of Sent,1191_Bday Candles Milk Bar Animation,1301,1285
Total Events of Sent,1643_Happy Bday Priyanka Darlin,1232,1143
Total Events of Sent,1369_Let Us Eat Cake Hemlock House Studio Cakes,1227,1209
Total Events of Sent,1060_Another Trip Around The Sun Adelfi,1216,1276
Total Events of Sent,1100_Hope Your Birthday Is Jam-Packed With Love Amy Zhang Bread and Jam,1185,1192
Total Events of Sent,1667_Happy Birthday Dicky Bird Spray Paint,1165,1154
Total Events of Sent,1560_Happy Mother's Day Dicky Bird,1163,1163
Total Events of Sent,1712_A Little Something For You Amy Zhang,1153,1254
Total Events of Sent,1383_Birthday Wishes Faye Guanipa Floral,1151,1126
Total Events of Sent,1701_Thanks Aviva Atri,1129,1107
Total Events of Sent,1088_Happy Birthday You Lovely Soul Lauren Marina Sun,1124,1083
Total Events of Sent,1823_Just A Note Amy Zhang,1124,1089
Total Events of Sent,2297_Happy Belated Birthday Aviva Atri,1113,1142
Total Events of Sent,2413_Here's Some Holiday Cheer - Green Paper Co.,1102,1108
Total Events of Sent,722_Happy Bday Analogbynat,1100,1099
Total Events of Sent,"2274_Sending Pieces, Love, And Joy this Thanksgiving Amy Zhang",1076,1076
Total Events of Sent,1668_Happy Birthday Dicky Bird Gaming,1064,1051
Total Events of Sent,2396_Merry Christmas Ladder - Green Paper Co,1012,1013
Total Events of Sent,1857_Happy Belated Birthday Melanie Johnsson,993,983
Total Events of Sent,2336_Happy B-day Balloon Melanie Johnsson,957,989
Total Events of Sent,1865_Happy Valentines Day Forage Paper Co,921,921
Total Events of Sent,1321_Happy Holidays Priyanka Darlin,915,914
Total Events of Sent,1676_Thank You Adelfi Oranges,890,866
Total Events of Sent,1685_Birthday Beers Matt Joyce,868,855
Total Events of Sent,54_Make a Wish Nickel & Penny,860,863
Total Events of Sent,981_Happy Birthday Yolanda Poh,835,802
Total Events of Sent,422_Happy Birthday Ashley Le Quere slice,834,811
Total Events of Sent,1856_I Love You Soo Muuch Melanie johnsson,818,804
Total Events of Sent,1916_Friendship Flowers Rosie Pink,818,815
Total Events of Sent,2245_Wishing You A Merry Christmas Paper & Stuff,810,812
Total Events of Sent,2279_Happy Birthday from All of Us Lauren Heydt,802,829
Total Events of Sent,1875_Happy Birthday Cake Karen Schipper,792,790
Total Events of Sent,1982_To The Woman Who Inspires And Amazes Me the Most Jaclyn Caris,787,787
Total Events of Sent,1214_Ice Cream Melissa Blair Animation,780,767
Total Events of Sent,1008_Happy Mother's Day AliRae Aguirre,775,775
Total Events of Sent,1227_Another Year Another Journey Happy BirthdayKaren Schipper Land Rover,773,755
Total Events of Sent,1849_Happy Birthday Jacqueline Colley Cake Slice,769,742
Total Events of Sent,1103_Happy Mother's Day Happy Go Lucky Pancakes,767,767
Total Events of Sent,1172_Have The Sweetest Birthday Ashley Le Quere,764,771
Total Events of Sent,1272_Happy Birthday Melanie Johnsson Cupcake,760,741
Total Events of Sent,1747_Happy Ducking Birthday Brittany Paige,750,751
Total Events of Sent,1033_You're A Classic Amy Zhang,715,713
Total Events of Sent,516_Happy Birthday Oscar Tapeswing,697,676
Total Events of Sent,1281_Thank You Brook Gossen Animation,696,708
Total Events of Sent,2144_Happy Birthday You Party Animal Amy Zhnag,693,717
Total Events of Sent,1370_Magic Birthday Wishes Hemlock House Studio,692,697
Total Events of Sent,1890_Happy Mothers Day Dicky Bird Lady Bug,687,687
Total Events of Sent,1854_Happy Valentines Melanie Johnsson,665,664
Total Events of Sent,474_Pisces Faye Guanipa,643,643
Total Events of Sent,1611_Happy Father's Day AliRae Aguirre,633,633
Total Events of Sent,2054_Another Trip Around The Sun Matt Joyce,627,643
Total Events of Sent,1577_Better with Age Happy Birthday Karen Schipper,610,598
Total Events of Sent,2280_Here's a Little Card to Say a Big Thank You Lauren Heydt,606,643
Total Events of Sent,1596_Number 1 Dad Jasmina Zornic,600,600
Total Events of Sent,286_Happy Birthday Adelfi,563,560
Total Events of Sent,1558_Best Mom in the World Melanie Johnsson,542,542
Total Events of Sent,1112_It Is Your Birthday paper&stuff,540,523
Total Events of Sent,1537_Happy Mother's Dsy paper&stuff,538,538
Total Events of Sent,1903_With Love Folio,536,528
Total Events of Sent,1702_Aviva Atri Balloons and Confetti,531,527
Total Events of Sent,540_Tequila Party Brittany Paige,524,527
Total Events of Sent,29_Lets Party Minna So,518,523
Total Events of Sent,1898_XOXO Spaghetti & Meatballs,511,510
Total Events of Sent,1975_Thank You For Being The Worlds Greatest Employee Aviva Atri,511,512
Total Events of Sent,2264_I love you more than I love TikTok Kat Rodman,509,509
Total Events of Sent,2277_Thank You for Everything You Do Sydney Sebastian Border Green,498,503
Total Events of Sent,1053_Pattern Zoe Wodarz Tulip,497,494
Total Events of Sent,705_Celebrate Jasmina zornic,495,479
Total Events of Sent,1592_Happy Birthday Lydia Burton,494,539
Total Events of Sent,145_Its your birthday Taylor Stimbert,492,499
Total Events of Sent,373_Have the sweetest birthhday Isabella Humphrey,487,491
Total Events of Sent,2053_Happy Mothers Day Matt Joyce,483,483
Total Events of Sent,987_You're My Bestie Be My Galentine Happy Go Lucky,476,475
Total Events of Sent,773_Happy birthday To You Amy Zhang,470,459
Total Events of Sent,124_You Are Amazing and I Love You Hue Complete Me,464,465
Total Events of Sent,1999_HBD Spaghetti & Meatballs,460,436
Total Events of Sent,1766_Happy Holidays Paper&Stuff,459,458
Total Events of Sent,369_Happy Birthday Isabella Humphrey Dogs,459,446
Total Events of Sent,469_Aquarius Faye Guanipa,459,460
Total Events of Sent,1736_Gobble til You Wobble Emily Doliner,458,458
Total Events of Sent,776_Be Merry Leena Kisonen,453,453
Total Events of Sent,1439_For You Melanie Johnsson Flowers,449,443
Total Events of Sent,512_Let's Paw-ty Oscar Tapeswing,448,451
Total Events of Sent,514_Birthday Dude Oscar tapeswing,448,494
Total Events of Sent,1182_Thank You So Much AnalogbyNat,447,437
Total Events of Sent,1987_Mom Lauren Marina,435,434
Total Events of Sent,79_Happy Anniversary Hue Complete Me,430,425
Total Events of Sent,1470_Happy Valentines Day Alirae Aguirre,429,430
Total Events of Sent,1845_You Are The Best Vintage Jacqueline Colley,429,431
Total Events of Sent,1381_Happy Birthday Fancy Pants Faye Guanipa,427,425
Total Events of Sent,471_Taurus Faye Guanipa,425,425
Total Events of Sent,572_Happy 4th Ashley Le Quere,424,424
Total Events of Sent,1198_Cheers To The Golden Years Amy Zhang,415,420
Total Events of Sent,1431_You're The Sweetest Valentine Faye Guanipa Lollipop,412,412
Total Events of Sent,863_Sending you lots of love spaghetti & meatballs,412,409
Total Events of Sent,2007_Happy Birthday Katie Benn Cars,410,428
Total Events of Sent,1538_Happy Easter AliRae Aguirre,409,409
Total Events of Sent,1724_Have a little Treat Jillian Goeller,409,399
Total Events of Sent,93_Biggie Birthday Spaghetti & Meatballs,409,417
Total Events of Sent,801_Feliz Cumpleaños Grow Mija,405,408
Total Events of Sent,1986_I'm So Grateful For You Lauren Marina,404,396
Total Events of Sent,2000_Hello Spaghetti & Meatballs Smile,400,387
Total Events of Sent,328_Happy Birthday brook gossen  Red and Yellow Abstract,398,380
Total Events of Sent,1298_Merry Christmas From Our Fam To Yours Hood Greetings,394,394
Total Events of Sent,2009_Thank You For Everything Dad Paper & Stuff,392,391
Total Events of Sent,1779_Happy Holidays AliRae Aguirre,390,390
Total Events of Sent,723_I'm Happy You Exist Analogbynat,383,373
Total Events of Sent,2224_Have a Fun Filled Birthday Ashley Le Quere,382,391
Total Events of Sent,1029_Better Late Than Never Amy Zhang,370,409
Total Events of Sent,1655_Let's Party lazy Disco,370,371
Total Events of Sent,2016_Birthday Cake lines Paper&Stuff,368,363
Total Events of Sent,812_This Calls For Confetti Shannon Snow,367,371
Total Events of Sent,1803_Happy Birthday Confetti Cleveland Cavaliers,366,362
Total Events of Sent,1245_I Yam So Very Thankful For You Amy Zhang Yams,363,363
Total Events of Sent,1353_Happy Birthday Karen Schipper Trolley,355,349
Total Events of Sent,1148_Fourth of July Kevin Adams,351,351
Total Events of Sent,1763_To From Paper&Stuff,350,350
Total Events of Sent,379_Let them eat cake Julia Walck,349,367
Total Events of Sent,"573_Dad, You're Flipping Amazing Ashley Le Quere",346,344
Total Events of Sent,1159_Congrats Priyanka Darlin' Spotted,344,344
Total Events of Sent,1748_Happy 29th Birthday Again Brittany Paige,342,330
Total Events of Sent,1784_Dicky Bird Ornament,342,342
Total Events of Sent,2333_Green Cupcake Melanie Johnsson,342,353
Total Events of Sent,1904_Thank You Folio,335,330
Total Events of Sent,203_Thank You So Very Much Ilana Griffo,335,337
Total Events of Sent,2010_Thank You For Everything Mom Paper&Stuff,332,332
Total Events of Sent,1884_Hand with Hearts Ashley Le Quere,331,311
Total Events of Sent,1158_Happy Birthday Oscar De La Cruz Blocks,330,323
Total Events of Sent,1534_Feel Better Soon paper&stuff,328,319
Total Events of Sent,541_Wine Party Brittany Paige,327,327
Total Events of Sent,460_Thinking of You sarah foelske,326,323
Total Events of Sent,106_Happy birthday Best Tea jaclyn Caris,323,325
Total Events of Sent,1166_HBD Mat Voyce Animation,322,317
Total Events of Sent,1075_Happy Birthday To A Real Playa Spaghetti & Meatballs Record Player,321,319
Total Events of Sent,1016_Welcome Baby Forage Paper Co.,316,319
Total Events of Sent,1896_Happy Bearthday Dicky Bird,315,313
Total Events of Sent,2223_I See Cake In Your Future Ashley Le Quere,314,309
Total Events of Sent,1768_Holding You In My Heart Adelfi,311,309
Total Events of Sent,1983_I See A Strong and Powerful Woman Jaclyn Caris,307,306
Total Events of Sent,1689_To Another Year of Adventures Matt Joyce,300,309
Total Events of Sent,518_Happy Easter!,300,300
Total Events of Sent,1230_With Deepest Sympathy Karen Schipper,299,289
Total Events of Sent,1451_Will You Be My Valentine Yes No Oscar De La Cruz,299,291
Total Events of Sent,1549_Birthday Wishes Jacqueline Colley,293,280
Total Events of Sent,1569_Dear Grandma Spaghetti & Meatballs,289,286
Total Events of Sent,1646_Paper&Stuff Squiggles,289,264
Total Events of Sent,1106_Hats Off To You Mélanie Johnsson Graduation Caps,288,288
Total Events of Sent,1002_Team Work Dream Work Melanie Johnsson,285,291
Total Events of Sent,1545_Thank You Antonay Studio,282,282
Total Events of Sent,1757_Happy Thanksgiving Melanie johnsson,279,279
Total Events of Sent,1213_Thanks A Bunch Melissa Blair Bananas,277,268
Total Events of Sent,728_Take A Break analogbynat,277,277
Total Events of Sent,1717_Happy Thanksgiving Karen Schipper,272,272
Total Events of Sent,964_Special Delivery Spaghetti & Meatballs,271,271
Total Events of Sent,1533_Sending Happy THoughts paper&stuff,266,268
Total Events of Sent,"1080_Hey Mom, I'm Annoying But I Love You Giulia Hartz Cake",258,259
Total Events of Sent,1847_Happy Birthday To You Jacqueline Colley,250,254
Total Events of Sent,1848_Love You To The Moon Jacqueline Colley,250,245
Total Events of Sent,2349_Treat Yourself Melanie Johnsson,250,256
Total Events of Sent,1871_Hope Your Birthday is A Blast Karen Schipper,248,243
Total Events of Sent,171_It's Your Day Ashley Le Quere,246,235
Total Events of Sent,2346_Smiley Cupcake Melanie Johnsson,241,246
Total Events of Sent,1442_Happy Galentine's Day To My Favorite Melanie Johnsson,240,240
Total Events of Sent,36_thank you for being you Melanie Johnsson,240,235
Total Events of Sent,1862_You Are So Loved Lauren Marina,239,237
Total Events of Sent,1895_Happy Birthday Dicky Bird Cake,237,238
Total Events of Sent,1778_Happy New Year Katie Benn,236,236
Total Events of Sent,470_Virgo Faye Guanipa,236,236
Total Events of Sent,543_Love You Mom Faye Guanipa,236,236
Total Events of Sent,2244_And They Lived Happily Ever After Ashley Le Quere,234,232
Total Events of Sent,1988_Hoppy Easter Spaghetti & Meatballs,233,233
Total Events of Sent,2111_No Tricks All Treats Jillian Goeler,233,233
Total Events of Sent,170_Here's a Cake Ashley Le Quere,232,240
Total Events of Sent,477_Gemini Faye Guanipa,231,231
Total Events of Sent,1269_Have A Delightful Birthday Ash & Chess Cakes,230,228
Total Events of Sent,1539_Happy Easter Hemlock House Studio,229,229
Total Events of Sent,1894_Happy Birthday Dicky Bird Burger,229,229
Total Events of Sent,294_Happy Birthday Bad Ass Spaghetti & Meatballs,229,230
Total Events of Sent,1258_Happy Birthday Grow Mija Pink Cake,227,228
Total Events of Sent,210_Thank You Brook Gossen,226,227
Total Events of Sent,1380_Birthday Dogs Faye Gunipa,225,222
Total Events of Sent,2270_Time to Party by Triangulos by Melanie Johnsson,225,230
Total Events of Sent,1952_August Baby Kerrie McNeill,224,224
Total Events of Sent,1059_Thank You Adelfi,223,221
Total Events of Sent,870_Belated Bday Jasmina zornic,223,218
Total Events of Sent,1364_Deepest Sympathy Hemlock House Studio,222,221
Total Events of Sent,299_Happy Birthday Abstract Spaghetti & Meatballs,221,216
Total Events of Sent,1520_Time For Cake Sakina Saidi,220,206
Total Events of Sent,1605_Thank you for being a friend mimi moffie,219,215
Total Events of Sent,359_Hugs Hugs Hugs Zoe Wodarz,219,220
Total Events of Sent,665_Belated Bday Fion Koh,219,215
Total Events of Sent,1519_Thank You French Toast Studio,215,217
Total Events of Sent,479_Cancer Faye Guanipa,215,215
Total Events of Sent,710_SIS Jasmina Zornic,215,217
Total Events of Sent,1064_Happy Mother's Day To My Bestie Hood Greetings,213,213
Total Events of Sent,784_Merry & Bright Leena Kisonen,213,213
Total Events of Sent,1409_Congrats Clay Hickson Confetti Balloons,212,206
Total Events of Sent,1544_Time For Bday Cake Antonay Studio,211,202
Total Events of Sent,1601_To The Best Dad Happy Fathers Day Karen Schipper,209,209
Total Events of Sent,877_Shake Shake Shake It's Your Birthday melanie johnsson,205,200
Total Events of Sent,1407_Happy Birthday Clay Hickson Cake,204,197
Total Events of Sent,1742_Christmas Is Giving Giulia Hartz,204,204
Total Events of Sent,2383_Happy Thanksgiving - Spaghetti & Meatballs,204,204
Total Events of Sent,2302_Happy Anniversary Aviva Atri,203,205
Total Events of Sent,752_Wreath Zoe wodarz,203,203
Total Events of Sent,1224_Hello Love You Miss You Thinking of You Sophie Potter Flowers,202,196
Total Events of Sent,2015_Happy Birthday To My Bestie Paper&Stuff,202,198
Total Events of Sent,1063_You + Me Name A More Iconic Duo Hood Greetings,200,199
Total Events of Sent,1753_New Year New Memories Melanie Johnsson,199,200
Total Events of Sent,1993_Hittin The Clubs Spaghetti & Meatballs,199,199
Total Events of Sent,1018_Happy Easter Forage Paper Co.,198,198
Total Events of Sent,1071_Party Jacqueline Colley Confetti Popper,198,197
Total Events of Sent,1362_Hope You Feel Better Soon Karen Schipper,198,196
Total Events of Sent,1893_Hello Baby Dicky Bird,197,194
Total Events of Sent,1967_Love Love Love Nysha Lilly,192,191
Total Events of Sent,236_Merry christmas & happy new year brook gossen,192,193
Total Events of Sent,312_AInt no birthday laws Spaghetti & Meatballs,192,189
Total Events of Sent,1185_Merci Priyanka Darlin' Flowers,190,190
Total Events of Sent,1946_July Baby Kerrie McNeill,190,190
Total Events of Sent,602_Ancient History Giulia Hartz,190,187
Total Events of Sent,548_Happy Mother's Day Opal Thirteen Bouquet,189,189
Total Events of Sent,1184_Thank You Priyanka Darlin' Flowers,187,215
Total Events of Sent,1568_If I could choose I'd still pick you to be my mom Karen Schipper,187,186
Total Events of Sent,2265_Your Birthday> Tiktoks Comeback Kat Rodman,187,190
Total Events of Sent,1183_Happy Anniversary AnalogbyNat,186,182
Total Events of Sent,480_Aries Faye Guanipa,184,184
Total Events of Sent,737_Happy Holidays Dude oscar tapeswing,184,183
Total Events of Sent,1629_Party Animals Rumble Cards x Ashley Le Quere,183,180
Total Events of Sent,1677_Welcome Little One Adelfi,183,184
Total Events of Sent,1985_Cheers To You Babe Jaclyn Caris,183,186
Total Events of Sent,1164_Super Happy Anniversary Priyanka Darlin',182,181
Total Events of Sent,1867_Love Forage Paper Co,180,179
Total Events of Sent,2290_You are Crushing It - Lauren Heydt,180,186
Total Events of Sent,1448_Thinkin' Bout You Jaclyn Caris Hearts,179,178
Total Events of Sent,1874_Happy Valentine's Day Karen Schipper,179,179
Total Events of Sent,927_Thank You Wreath Amy Zhang,178,179
Total Events of Sent,1019_Get Well Soon Forage Paper Co.,176,169
Total Events of Sent,1652_I'm Sorry Lazy Disco,176,175
Total Events of Sent,1145_Dear Bestie You Deserve The World I Hope You Know That Yolanda Poh,175,174
Total Events of Sent,1567_#1 Mom Jasmina Zornic,175,175
Total Events of Sent,1622_Paper Hugs Rumble Cards,175,171
Total Events of Sent,1634_Lost Count Rumble Cards x Ashley Le Quere,175,172
Total Events of Sent,1020_Happy Birthday Handsome Forage Paper Co.,174,176
Total Events of Sent,1468_Why You So Cute Though,174,172
Total Events of Sent,1700_Aviva Atri Pink Bow,174,177
Total Events of Sent,2348_Rainbow Thanks Melanie Johnsson,174,179
Total Events of Sent,424_Let's Party Ashley Le Quere Hat,173,173
Total Events of Sent,1907_To The Best Pops on Father's Day,172,172
Total Events of Sent,1591_Good Morning Lydia Burton,169,166
Total Events of Sent,1958_Happy Galentine's Day Nysha Lilly,169,169
Total Events of Sent,1995_Hello Baby Spaghetti & Meatballs,169,167
Total Events of Sent,771_Cheers To The New Year Ashley le Quere,169,168
Total Events of Sent,408_Yay all day khali amanda,168,168
Total Events of Sent,284_Thank You Adelfi,167,167
Total Events of Sent,1411_Happy Valentine's Day Clay Hickson,164,164
Total Events of Sent,1780_Happy New Year AliRae Aguirre,164,165
Total Events of Sent,2248_Merry Merry Merry Paper&Stuff,163,163
Total Events of Sent,595_hi hi hi Brook Gossen,163,162
Total Events of Sent,739_Candy Cane Zoe wodarz,163,163
Total Events of Sent,1257_Together In Spirit Happy Thanksgiving Forage Paper Co.,162,162
Total Events of Sent,1909_Let's Eat Cake Folio,162,164
Total Events of Sent,1102_Let's Ketchup Sending You A Squeeze! Amy Zhang Ketchup Bottle,160,157
Total Events of Sent,2097_Hello Meinhass Archives,160,160
Total Events of Sent,1092_Thank You Very Much Lauren Marina,159,156
Total Events of Sent,1336_Happy Bday paper&stuff Dots,158,153
Total Events of Sent,2063_Thanks For Your hard Work Melanie Johnsson,158,158
Total Events of Sent,671_Gift Surprise olga ambrosova,158,162
Total Events of Sent,1855_Forever Together Melanie Johnsson,157,157
Total Events of Sent,1014_So Lucky To Have You Amy Zhang,156,156
Total Events of Sent,1105_Happy Graduation Day To You Mèlanie Johnsson,155,155
Total Events of Sent,1252_Have A Cracking Day! Matt Joyce,155,146
Total Events of Sent,1625_I Love Every Pizza You Rumble Cards x Susie Hammer,155,154
Total Events of Sent,1709_It's co-coa-cold outside Amy Zhang,154,143
Total Events of Sent,1749_Graduating What Like Its Hard Brittany Paige,154,152
Total Events of Sent,933_Inhale Exhale PosterLad,154,142
Total Events of Sent,1115_Love You Dad paper&stuff,153,153
Total Events of Sent,1293_The Three Wisemen Spaghetti & Meatballs,153,153